[
  {
    "id": 1,
    "title": "Shiva Apartment",
    "room_type": "3BHK",
    "price": 9500000,
    "location": "Gurugram, HR",
    "type": "3BHK - 4 Flats Apartment",
    "beds": 3,
    "baths": 1,
    "area": 200,
    "image_thumbnail": "https://res.cloudinary.com/df0mvniha/image/upload/v1767411935/Shiva_apartment_1_hknrm4.jpg",
    "images_gallery": [
     "https://res.cloudinary.com/df0mvniha/image/upload/v1767411943/Shiva_apartment_anwzuu.jpg",
     "https://res.cloudinary.com/df0mvniha/image/upload/v1767411941/Shiva_apartment_5_caszub.jpg",
      "https://res.cloudinary.com/df0mvniha/image/upload/v1767411940/Shiva_apartment_3_rhtiaf.jpg",
      "https://res.cloudinary.com/df0mvniha/image/upload/v1767411939/Shiva_apartment_4_udjpij.jpg",
      "https://res.cloudinary.com/df0mvniha/image/upload/v1767411935/Shiva_apartment_1_hknrm4.jpg",
      "https://res.cloudinary.com/df0mvniha/image/upload/v1767411931/Shiva_apartment_2_jcf5ec.jpg",
      "https://res.cloudinary.com/df0mvniha/image/upload/v1767411928/Shiva_apartment_6_mnxnvd.jpg"
    ],
    "architecture_image": "https://im.proptiger.com/2/5208748/12/subhadra-estates-royale-town-floor-plan-1bhk-1t-1rk-320-sq-ft-443536.jpeg?width=800&height=620",
    "bouchure_url": "https://www.example.com/brochure/studio-apartment.pdf",
    "latitude": 28.4595,
    "longitude": 77.0266,
    "status": "complete",
    "rating": 4.7,
    "description": "Bright, airy apartment with stunning city view near Cyber Hub."
  },
  {
    "id": 2,
    "title": "Rudra Apartment",
    "room_type": "2BHK",
    "price": 22000000,
    "location": "Sohna Road, Gurugram",
    "type": "2BHK - 8 Flats Apartment",
    "beds": 2,
    "baths": 2,
    "area": 125,
    "image_thumbnail": "https://res.cloudinary.com/df0mvniha/image/upload/v1767416766/Rudra_apartment_k2w8dz.jpg",
    "images_gallery": [
      "https://res.cloudinary.com/df0mvniha/image/upload/v1767416766/Rudra_apartment_k2w8dz.jpg"
    ],
    "architecture_image": "https://im.proptiger.com/2/5208748/12/subhadra-estates-royale-town-floor-plan-1bhk-1t-1rk-320-sq-ft-443536.jpeg?width=800&height=620",
    "bouchure_url": "https://www.example.com/brochure/studio-apartment.pdf",
    "latitude": 28.4595,
    "longitude": 77.0266,
    "status": "new",
    "rating": 4.3,
    "description": "Spacious villa with private garden and two-car parking."
  },
  {
    "id": 3,
    "title": "Radhe Apartment",
    "room_type": "3BHK",
    "price": 4800000,
    "location": "DLF Phase 3, Gurugram",
    "type": "3BHK - 4 Flats Apartment",
    "beds": 3,
    "baths": 2,
    "area": 450,
    "image_thumbnail": "https://res.cloudinary.com/df0mvniha/image/upload/v1767412446/Radha_apart_2_ntnhko.jpg",
    "images_gallery": [
      "https://res.cloudinary.com/df0mvniha/image/upload/v1767412446/Radha_apart_2_ntnhko.jpg",
      "https://res.cloudinary.com/df0mvniha/image/upload/v1767412444/Radha_apartment_2_pye8pm.jpg",
      "https://res.cloudinary.com/df0mvniha/image/upload/v1767412439/Radha_apartment_1_ov13mx.jpg",
      "https://res.cloudinary.com/df0mvniha/image/upload/v1767412435/Radha_apartment_mh6bvp.jpg"
    ],
    "architecture_image": "https://im.proptiger.com/2/5208748/12/subhadra-estates-royale-town-floor-plan-1bhk-1t-1rk-320-sq-ft-443536.jpeg?width=800&height=620",
    "bouchure_url": "https://www.example.com/brochure/studio-apartment.pdf",
    "latitude": 28.4595,
    "longitude": 77.0266,
    "status": "complete",
    "rating": 4.8,
    "description": "Ideal for singles or working professionals. Compact and modern."
  },
  {
    "id": 4,
    "title": "Om Sai Apartment",
    "room_type": "Studio",
    "price": 4800000,
    "location": "DLF Phase 3, Gurugram",
    "type": "Studio",
    "beds": 1,
    "baths": 1,
    "area": 600,
    "image_thumbnail": "https://res.cloudinary.com/df0mvniha/image/upload/v1767412767/Om_sai_apartment_2_li9yjz.jpg",
    "images_gallery": [
      "https://res.cloudinary.com/df0mvniha/image/upload/v1767412767/Om_sai_apartment_2_li9yjz.jpg",
      "https://res.cloudinary.com/df0mvniha/image/upload/v1767412760/Om_sai_apartment_bsszob.jpg",
      "https://res.cloudinary.com/df0mvniha/image/upload/v1767412754/Om_sai_apartment_1_oedn80.jpg"
    ],
    "architecture_image": "https://im.proptiger.com/2/5208748/12/subhadra-estates-royale-town-floor-plan-1bhk-1t-1rk-320-sq-ft-443536.jpeg?width=800&height=620",
    "bouchure_url": "https://www.example.com/brochure/studio-apartment.pdf",
    "latitude": 28.4595,
    "longitude": 77.0266,
    "status": "complete",
    "rating": 4.8,
    "description": "Ideal for singles or working professionals. Compact and modern."
  },
  {
    "id": 5,
    "title": "Om Apartment",
    "room_type": "Studio",
    "price": 4800000,
    "location": "DLF Phase 3, Gurugram",
    "type": "Studio",
    "beds": 1,
    "baths": 1,
    "area": 600,
    "image_thumbnail": "https://res.cloudinary.com/df0mvniha/image/upload/v1767412549/Om_apartment_2_ac56ov.jpg",
    "images_gallery": [
      "https://res.cloudinary.com/df0mvniha/image/upload/v1767412549/Om_apartment_2_ac56ov.jpg",
      "https://res.cloudinary.com/df0mvniha/image/upload/v1767412531/Om_apartment_yydbl6.jpg",
      "https://res.cloudinary.com/df0mvniha/image/upload/v1767412525/Om_apartment_1_pxnyvx.jpg"
    ],
    "architecture_image": "https://im.proptiger.com/2/5208748/12/subhadra-estates-royale-town-floor-plan-1bhk-1t-1rk-320-sq-ft-443536.jpeg?width=800&height=620",
    "bouchure_url": "https://www.example.com/brochure/studio-apartment.pdf",
    "latitude": 28.4595,
    "longitude": 77.0266,
    "status": "complete",
    "rating": 4.8,
    "description": "Ideal for singles or working professionals. Compact and modern."
  },
  {
    "id": 6,
    "title": "Maa Vashno Apartment",
    "room_type": "4BHK",
    "price": 4800000,
    "location": "DLF Phase 3, Gurugram",
    "type": "4BHK - 4 Flats Apartment",
    "beds": 4,
    "baths": 1,
    "area": 120,
    "image_thumbnail": "https://res.cloudinary.com/df0mvniha/image/upload/v1767416880/Maa_Vashno_apartment_eozrhk.jpg",
    "images_gallery": [
      "https://res.cloudinary.com/df0mvniha/image/upload/v1767416880/Maa_Vashno_apartment_eozrhk.jpg",
      "https://res.cloudinary.com/df0mvniha/image/upload/v1767416867/Ma_vaihno_apartment_p6xnxr.jpg",
      "https://res.cloudinary.com/df0mvniha/image/upload/v1767416862/Ma_Vaishno_apartment_1_ni36o5.jpg",
      "https://res.cloudinary.com/df0mvniha/image/upload/v1767416845/Ma_vaishno_apartment_vcrtqc.jpg"
    ],
    "architecture_image": "https://im.proptiger.com/2/5208748/12/subhadra-estates-royale-town-floor-plan-1bhk-1t-1rk-320-sq-ft-443536.jpeg?width=800&height=620",
    "bouchure_url": "https://www.example.com/brochure/studio-apartment.pdf",
    "latitude": 28.4595,
    "longitude": 77.0266,
    "status": "complete",
    "rating": 4.8,
    "description": "Ideal for singles or working professionals. Compact and modern."
  },
  {
    "id": 7,
    "title": "Laxmi Apartment",
    "room_type": "Studio",
    "price": 4800000,
    "location": "DLF Phase 3, Gurugram",
    "type": "Studio",
    "beds": 1,
    "baths": 1,
    "area": 600,
    "image_thumbnail": "https://res.cloudinary.com/df0mvniha/image/upload/v1767416745/Laxmi_apartment_2_vsvf25.jpg",
    "images_gallery": [
      "https://res.cloudinary.com/df0mvniha/image/upload/v1767416745/Laxmi_apartment_2_vsvf25.jpg",
      "https://res.cloudinary.com/df0mvniha/image/upload/v1767416736/Laxmi_apartment_hzoqnm.jpg",
      "https://res.cloudinary.com/df0mvniha/image/upload/v1767416726/Laxmi_apartment_1_hjxhzd.jpg"
    ],
    "architecture_image": "https://im.proptiger.com/2/5208748/12/subhadra-estates-royale-town-floor-plan-1bhk-1t-1rk-320-sq-ft-443536.jpeg?width=800&height=620",
    "bouchure_url": "https://www.example.com/brochure/studio-apartment.pdf",
    "latitude": 28.4595,
    "longitude": 77.0266,
    "status": "complete",
    "rating": 4.8,
    "description": "Ideal for singles or working professionals. Compact and modern."
  },
  {
    "id": 8,
    "title": "Kashi Apartment",
    "room_type": "Studio",
    "price": 4800000,
    "location": "DLF Phase 3, Gurugram",
    "type": "Studio",
    "beds": 1,
    "baths": 1,
    "area": 600,
    "image_thumbnail": "https://res.cloudinary.com/df0mvniha/image/upload/v1767416633/Kashi_Apartment_2_kuodw1.jpg",
    "images_gallery": [
      "https://res.cloudinary.com/df0mvniha/image/upload/v1767416633/Kashi_Apartment_2_kuodw1.jpg",
      "https://res.cloudinary.com/df0mvniha/image/upload/v1767416630/Kashi_apartment_xoujvj.jpg",
      "https://res.cloudinary.com/df0mvniha/image/upload/v1767416626/Kashi_apartment_1_jvxvxc.jpg"
    ],
    "architecture_image": "https://im.proptiger.com/2/5208748/12/subhadra-estates-royale-town-floor-plan-1bhk-1t-1rk-320-sq-ft-443536.jpeg?width=800&height=620",
    "bouchure_url": "https://www.example.com/brochure/studio-apartment.pdf",
    "latitude": 28.4595,
    "longitude": 77.0266,
    "status": "complete",
    "rating": 4.8,
    "description": "Ideal for singles or working professionals. Compact and modern."
  },
  {
    "id": 9,
    "title": "Guru Ji Apartment",
    "room_type": "Studio",
    "price": 4800000,
    "location": "DLF Phase 3, Gurugram",
    "type": "Studio",
    "beds": 1,
    "baths": 1,
    "area": 600,
    "image_thumbnail": "https://res.cloudinary.com/df0mvniha/image/upload/v1767416955/Guru_ji_apartment_ikoa8x.jpg",
    "images_gallery": [
      "https://res.cloudinary.com/df0mvniha/image/upload/v1767416955/Guru_ji_apartment_ikoa8x.jpg",
      "https://res.cloudinary.com/df0mvniha/image/upload/v1767416945/Guruji_apartment_rc1c6p.jpg"
    ],
    "architecture_image": "https://im.proptiger.com/2/5208748/12/subhadra-estates-royale-town-floor-plan-1bhk-1t-1rk-320-sq-ft-443536.jpeg?width=800&height=620",
    "bouchure_url": "https://www.example.com/brochure/studio-apartment.pdf",
    "latitude": 28.4595,
    "longitude": 77.0266,
    "status": "complete",
    "rating": 4.8,
    "description": "Ideal for singles or working professionals. Compact and modern."
  },
  {
    "id": 10,
    "title": "Gaytari Apartment",
    "room_type": "2BHK",
    "price": 9500000,
    "location": "Gurugram, HR",
    "type": "Apartment",
    "beds": 2,
    "baths": 2,
    "area": 1150,
    "image_thumbnail": "https://res.cloudinary.com/df0mvniha/image/upload/v1767412350/Gayatri_apartment_dml4bo.jpg",
    "images_gallery": [
      "https://res.cloudinary.com/df0mvniha/image/upload/v1767412350/Gayatri_apartment_dml4bo.jpg",
      "https://res.cloudinary.com/df0mvniha/image/upload/v1767412358/Gayatari_apartment_lnbtk7.jpg",
      "https://res.cloudinary.com/df0mvniha/image/upload/v1767412350/Gayatri_apartment_dml4bo.jpg"
    ],
    "architecture_image": "https://im.proptiger.com/2/5208748/12/subhadra-estates-royale-town-floor-plan-1bhk-1t-1rk-320-sq-ft-443536.jpeg?width=800&height=620",
    "bouchure_url": "https://www.example.com/brochure/studio-apartment.pdf",
    "latitude": 28.4595,
    "longitude": 77.0266,
    "status": "complete",
    "rating": 4.7,
    "description": "Bright, airy apartment with stunning city view near Cyber Hub."
  },
  {
    "id": 11,
    "title": "Gauri Apartment",
    "room_type": "3BHK",
    "price": 22000000,
    "location": "Sohna Road, Gurugram",
    "type": "Villa",
    "beds": 3,
    "baths": 3,
    "area": 2400,
    "image_thumbnail": "https://res.cloudinary.com/df0mvniha/image/upload/v1767412122/Gauri_apartment_1_ajrwyl.jpg",
    "images_gallery": [
      "https://res.cloudinary.com/df0mvniha/image/upload/v1767412122/Gauri_apartment_1_ajrwyl.jpg",
      "https://res.cloudinary.com/df0mvniha/image/upload/v1767412116/Gauri_apartment_2_qrv3g9.jpg",
      "https://res.cloudinary.com/df0mvniha/image/upload/v1767412115/Gauri_apartment_tflgef.jpg"
    ],
    "architecture_image": "https://im.proptiger.com/2/5208748/12/subhadra-estates-royale-town-floor-plan-1bhk-1t-1rk-320-sq-ft-443536.jpeg?width=800&height=620",
    "bouchure_url": "https://www.example.com/brochure/studio-apartment.pdf",
    "latitude": 28.4595,
    "longitude": 77.0266,
    "status": "new",
    "rating": 4.3,
    "description": "Spacious villa with private garden and two-car parking."
  },
  {
    "id": 12,
    "title": "Ganga Apartment",
    "room_type": "Studio",
    "price": 4800000,
    "location": "DLF Phase 3, Gurugram",
    "type": "Studio",
    "beds": 1,
    "baths": 1,
    "area": 600,
    "image_thumbnail": "https://res.cloudinary.com/df0mvniha/image/upload/v1767412395/Ganga_apartment_m2mras.jpg",
    "images_gallery": [
      "https://res.cloudinary.com/df0mvniha/image/upload/v1767412395/Ganga_apartment_m2mras.jpg"
    ],
    "architecture_image": "https://im.proptiger.com/2/5208748/12/subhadra-estates-royale-town-floor-plan-1bhk-1t-1rk-320-sq-ft-443536.jpeg?width=800&height=620",
    "bouchure_url": "https://www.example.com/brochure/studio-apartment.pdf",
    "latitude": 28.4595,
    "longitude": 77.0266,
    "status": "complete",
    "rating": 4.8,
    "description": "Ideal for singles or working professionals. Compact and modern."
  },
  {
    "id": 13,
    "title": "Durga Apartment",
    "room_type": "Studio",
    "price": 4800000,
    "location": "DLF Phase 3, Gurugram",
    "type": "Studio",
    "beds": 1,
    "baths": 1,
    "area": 600,
    "image_thumbnail": "https://res.cloudinary.com/df0mvniha/image/upload/v1767416904/Durga_apartment_nsc6o9.jpg",
    "images_gallery": [
      "https://res.cloudinary.com/df0mvniha/image/upload/v1767416904/Durga_apartment_nsc6o9.jpg",
      "https://res.cloudinary.com/df0mvniha/image/upload/v1767416912/Durga_apartment_2_ngeuzc.jpg"
    ],
    "architecture_image": "https://im.proptiger.com/2/5208748/12/subhadra-estates-royale-town-floor-plan-1bhk-1t-1rk-320-sq-ft-443536.jpeg?width=800&height=620",
    "bouchure_url": "https://www.example.com/brochure/studio-apartment.pdf",
    "latitude": 28.4595,
    "longitude": 77.0266,
    "status": "complete",
    "rating": 4.8,
    "description": "Ideal for singles or working professionals. Compact and modern."
  },
  {
    "id": 14,
    "title": "Bala Ji Apartment",
    "room_type": "3BHK",
    "price": 4800000,
    "location": "DLF Phase 3, Gurugram",
    "type": "3BHK - 4 Flats Apartment",
    "beds": 3,
    "baths": 2,
    "area": 153,
    "image_thumbnail": "https://res.cloudinary.com/df0mvniha/image/upload/v1767413063/Bala_ji_apartment_2_fohxce.jpg",
    "images_gallery": [
      "https://res.cloudinary.com/df0mvniha/image/upload/v1767413063/Bala_ji_apartment_2_fohxce.jpg",
      "https://res.cloudinary.com/df0mvniha/image/upload/v1767413055/Bala_ji_apartment_1_hrwaai.jpg",
      "https://res.cloudinary.com/df0mvniha/image/upload/v1767413051/Bala_ji_apartment_xjt8dj.jpg"
    ],
    "architecture_image": "https://im.proptiger.com/2/5208748/12/subhadra-estates-royale-town-floor-plan-1bhk-1t-1rk-320-sq-ft-443536.jpeg?width=800&height=620",
    "bouchure_url": "https://www.example.com/brochure/studio-apartment.pdf",
    "latitude": 28.4595,
    "longitude": 77.0266,
    "status": "complete",
    "rating": 4.8,
    "description": "Ideal for singles or working professionals. Compact and modern."
  },
  {
    "id": 15,
    "title": "DD Associates",
    "room_type": "Studio",
    "price": 4800000,
    "location": "DLF Phase 3, Gurugram",
    "type": "Studio",
    "beds": 1,
    "baths": 1,
    "area": 600,
    "image_thumbnail": "https://res.cloudinary.com/df0mvniha/image/upload/v1767413196/D_ASSOCIATES_br6ur6.jpg",
    "images_gallery": [
      "https://res.cloudinary.com/df0mvniha/image/upload/v1767413196/D_ASSOCIATES_br6ur6.jpg",
      "https://res.cloudinary.com/df0mvniha/image/upload/v1767413198/DD_ASSOCIATES_h8hcyn.jpg"
    ],
    "architecture_image": "https://im.proptiger.com/2/5208748/12/subhadra-estates-royale-town-floor-plan-1bhk-1t-1rk-320-sq-ft-443536.jpeg?width=800&height=620",
    "bouchure_url": "https://www.example.com/brochure/studio-apartment.pdf",
    "latitude": 28.4595,
    "longitude": 77.0266,
    "status": "complete",
    "rating": 4.8,
    "description": "Ideal for singles or working professionals. Compact and modern."
  },
    {
    "id": 16,
    "title": "Shiva Apartment",
    "room_type": "2BHK",
    "price": 9500000,
    "location": "Gurugram, HR",
    "type": "2BHK - 8 Flats Apartment",
    "beds": 2,
    "baths": 1,
    "area": 200,
    "image_thumbnail": "https://res.cloudinary.com/df0mvniha/image/upload/v1767411935/Shiva_apartment_1_hknrm4.jpg",
    "images_gallery": [
     "https://res.cloudinary.com/df0mvniha/image/upload/v1767411943/Shiva_apartment_anwzuu.jpg",
     "https://res.cloudinary.com/df0mvniha/image/upload/v1767411941/Shiva_apartment_5_caszub.jpg",
      "https://res.cloudinary.com/df0mvniha/image/upload/v1767411940/Shiva_apartment_3_rhtiaf.jpg",
      "https://res.cloudinary.com/df0mvniha/image/upload/v1767411939/Shiva_apartment_4_udjpij.jpg",
      "https://res.cloudinary.com/df0mvniha/image/upload/v1767411935/Shiva_apartment_1_hknrm4.jpg",
      "https://res.cloudinary.com/df0mvniha/image/upload/v1767411931/Shiva_apartment_2_jcf5ec.jpg",
      "https://res.cloudinary.com/df0mvniha/image/upload/v1767411928/Shiva_apartment_6_mnxnvd.jpg"
    ],
    "architecture_image": "https://im.proptiger.com/2/5208748/12/subhadra-estates-royale-town-floor-plan-1bhk-1t-1rk-320-sq-ft-443536.jpeg?width=800&height=620",
    "bouchure_url": "https://www.example.com/brochure/studio-apartment.pdf",
    "latitude": 28.4595,
    "longitude": 77.0266,
    "status": "complete",
    "rating": 4.7,
    "description": "Bright, airy apartment with stunning city view near Cyber Hub."
  },
    {
    "id": 17,
    "title": "Bala Ji Apartment",
    "room_type": "2BHK",
    "price": 4800000,
    "location": "DLF Phase 3, Gurugram",
    "type": "2BHK - 4 Flats Apartment",
    "beds": 2,
    "baths": 1,
    "area": 153,
    "image_thumbnail": "https://res.cloudinary.com/df0mvniha/image/upload/v1767413063/Bala_ji_apartment_2_fohxce.jpg",
    "images_gallery": [
      "https://res.cloudinary.com/df0mvniha/image/upload/v1767413063/Bala_ji_apartment_2_fohxce.jpg",
      "https://res.cloudinary.com/df0mvniha/image/upload/v1767413055/Bala_ji_apartment_1_hrwaai.jpg",
      "https://res.cloudinary.com/df0mvniha/image/upload/v1767413051/Bala_ji_apartment_xjt8dj.jpg"
    ],
    "architecture_image": "https://im.proptiger.com/2/5208748/12/subhadra-estates-royale-town-floor-plan-1bhk-1t-1rk-320-sq-ft-443536.jpeg?width=800&height=620",
    "bouchure_url": "https://www.example.com/brochure/studio-apartment.pdf",
    "latitude": 28.4595,
    "longitude": 77.0266,
    "status": "complete",
    "rating": 4.8,
    "description": "Ideal for singles or working professionals. Compact and modern."
  },
   {
    "id": 18,
    "title": "Radhe Apartment",
    "room_type": "2BHK",
    "price": 4800000,
    "location": "DLF Phase 3, Gurugram",
    "type": "2BHK - 20 Flats Apartment",
    "beds": 2,
    "baths": 1,
    "area": 450,
    "image_thumbnail": "https://res.cloudinary.com/df0mvniha/image/upload/v1767412446/Radha_apart_2_ntnhko.jpg",
    "images_gallery": [
      "https://res.cloudinary.com/df0mvniha/image/upload/v1767412446/Radha_apart_2_ntnhko.jpg",
      "https://res.cloudinary.com/df0mvniha/image/upload/v1767412444/Radha_apartment_2_pye8pm.jpg",
      "https://res.cloudinary.com/df0mvniha/image/upload/v1767412439/Radha_apartment_1_ov13mx.jpg",
      "https://res.cloudinary.com/df0mvniha/image/upload/v1767412435/Radha_apartment_mh6bvp.jpg"
    ],
    "architecture_image": "https://im.proptiger.com/2/5208748/12/subhadra-estates-royale-town-floor-plan-1bhk-1t-1rk-320-sq-ft-443536.jpeg?width=800&height=620",
    "bouchure_url": "https://www.example.com/brochure/studio-apartment.pdf",
    "latitude": 28.4595,
    "longitude": 77.0266,
    "status": "complete",
    "rating": 4.8,
    "description": "Ideal for singles or working professionals. Compact and modern."
  }
]
