{
  "testimonials": [
    {
      "id": 1,
      "name": "Charles Moore",
      "title": "Entrepreneur",
      "rating": 5,
      "content": "Lorem ipsum dolor sit amet, consectetur adipiscing elit, sed do eiusmod tempor incididunt ut labore et dolore magna aliqua. Ut enim ad minim veniam, quis nostrud exercitation ullamco laboris nisi ut aliquip ex ea commodo consequat."
    },
    {
      "id": 2,
      "name": "Andi Pung",
      "title": "Entrepreneur",
      "rating": 5,
      "content": "Lorem ipsum dolor sit amet, consectetur adipiscing elit, sed do eiusmod tempor incididunt ut labore et dolore magna aliqua. Ut enim ad minim veniam, quis nostrud exercitation ullamco laboris nisi ut aliquip ex ea commodo consequat."
    },
    {
      "id": 3,
      "name": "Sarah Johnson",
      "title": "Marketing Director",
      "rating": 5,
      "content": "Duis aute irure dolor in reprehenderit in voluptate velit esse cillum dolore eu fugiat nulla pariatur. Excepteur sint occaecat cupidatat non proident, sunt in culpa qui officia deserunt mollit anim id est laborum."
    },
    {
      "id": 4,
      "name": "Michael Chen",
      "title": "Product Manager",
      "rating": 5,
      "content": "Sed ut perspiciatis unde omnis iste natus error sit voluptatem accusantium doloremque laudantium, totam rem aperiam, eaque ipsa quae ab illo inventore veritatis et quasi architecto beatae vitae dicta sunt explicabo."
    },
    {
      "id": 5,
      "name": "Emma Wilson",
      "title": "Business Owner",
      "rating": 5,
      "content": "Nemo enim ipsam voluptatem quia voluptas sit aspernatur aut odit aut fugit, sed quia consequuntur magni dolores eos qui ratione voluptatem sequi nesciunt. Neque porro quisquam est, qui dolorem ipsum quia dolor sit amet."
    },
    {
      "id": 6,
      "name": "David Rodriguez",
      "title": "Startup Founder",
      "rating": 5,
      "content": "At vero eos et accusamus et iusto odio dignissimos ducimus qui blanditiis praesentium voluptatum deleniti atque corrupti quos dolores et quas molestias excepturi sint occaecati cupiditate non provident."
    }
  ]
}