[
  {
    "id": 1,
    "title": "Modern 2BHK Apartment in Gurugram",
    "room_type": "2BHK",
    "price": 9500000,
    "location": "Gurugram, HR",
    "type": "Apartment",
    "beds": 2,
    "baths": 2,
    "area": 1150,
    "image_thumbnail": "https://images.unsplash.com/photo-1600585154340-be6161a56a0c?q=80&w=1200&auto=format&fit=crop",
    "images_gallery": [
      "https://images.unsplash.com/photo-1600585154340-be6161a56a0c?q=80&w=1200&auto=format&fit=crop"
    ],
    "architecture_image": "https://im.proptiger.com/2/5208748/12/subhadra-estates-royale-town-floor-plan-1bhk-1t-1rk-320-sq-ft-443536.jpeg?width=800&height=620",
    "bouchure_url": "https://www.example.com/brochure/studio-apartment.pdf",
    "latitude": 28.4595,
    "longitude": 77.0266,
    "status": "complete",
    "rating": 4.7,
    "description": "Bright, airy apartment with stunning city view near Cyber Hub."
  },
  {
    "id": 2,
    "title": "Luxury 3BHK Villa in Sohna Road",
    "room_type": "3BHK",
    "price": 22000000,
    "location": "Sohna Road, Gurugram",
    "type": "Villa",
    "beds": 3,
    "baths": 3,
    "area": 2400,
    "image_thumbnail": "https://images.unsplash.com/photo-1600585154340-be6161a56a0c?q=80&w=1200&auto=format&fit=crop",
    "images_gallery": [
      "https://images.unsplash.com/photo-1600585154340-be6161a56a0c?q=80&w=1200&auto=format&fit=crop"
    ],
    "architecture_image": "https://im.proptiger.com/2/5208748/12/subhadra-estates-royale-town-floor-plan-1bhk-1t-1rk-320-sq-ft-443536.jpeg?width=800&height=620",
    "bouchure_url": "https://www.example.com/brochure/studio-apartment.pdf",
    "latitude": 28.4595,
    "longitude": 77.0266,
    "status": "new",
    "rating": 4.3,
    "description": "Spacious villa with private garden and two-car parking."
  },
  {
    "id": 3,
    "title": "Cozy Studio Apartment",
    "room_type": "Studio",
    "price": 4800000,
    "location": "DLF Phase 3, Gurugram",
    "type": "Studio",
    "beds": 1,
    "baths": 1,
    "area": 600,
    "image_thumbnail": "https://images.unsplash.com/photo-1600585154340-be6161a56a0c?q=80&w=1200&auto=format&fit=crop",
    "images_gallery": [
      "https://images.unsplash.com/photo-1600585154340-be6161a56a0c?q=80&w=1200&auto=format&fit=crop"
    ],
    "architecture_image": "https://im.proptiger.com/2/5208748/12/subhadra-estates-royale-town-floor-plan-1bhk-1t-1rk-320-sq-ft-443536.jpeg?width=800&height=620",
    "bouchure_url": "https://www.example.com/brochure/studio-apartment.pdf",
    "latitude": 28.4595,
    "longitude": 77.0266,
    "status": "complete",
    "rating": 4.8,
    "description": "Ideal for singles or working professionals. Compact and modern."
  }
]
